{"cameraMode":{"drawMode":0,"name":"Shaded","section":"Shading Mode"},"sceneLighting":false,"audioPlay":false,"sceneViewState":{"m_AlwaysRefresh":false,"showFog":true,"showSkybox":false,"showFlares":true,"showImageEffects":true,"showParticleSystems":true,"showVisualEffectGraphs":true,"m_FxEnabled":true},"in2DMode":false,"pivot":{"x":1.2269551753997803,"y":0.9166882634162903,"z":-0.5036227107048035},"rotation":{"x":0.3836309313774109,"y":-0.33983975648880007,"z":0.15434247255325318,"w":0.8447005152702332},"size":0.222752645611763,"orthographic":false}